<application>
  <component name="LocalDatabaseDriverManager" version="201">
    <driver id="mongo.4">
      <artifact id="MongoDB" name="MongoDB" use="true" version="1.20" />
    </driver>
    <driver id="sqlserver.ms">
      <artifact id="SQL Server" name="SQL Server" use="true" version="12.8.1" />
    </driver>
    <driver id="oracle.19">
      <artifact id="Oracle" name="Oracle" use="true" version="21.5.0.0" />
    </driver>
    <driver id="postgresql">
      <artifact id="PostgreSQL" name="PostgreSQL" use="true" version="42.7.3" />
    </driver>
    <driver id="redis">
      <artifact id="Redis" name="Redis" use="true" version="1.5" />
    </driver>
  </component>
</application>