<application>
  <component name="GeneralSettings">
    <option name="confirmExit" value="false" />
    <option name="processCloseConfirmation" value="TERMINATE" />
  </component>
  <component name="Registry">
    <entry key="moved.to.new.ui" value="true" />
    <entry key="ide.experimental.ui" value="true" />
    <entry key="i18n.locale" value="" />
  </component>
  <component name="StatusBar">
    <option name="widgets">
      <map>
        <entry key="AIAssistant" value="false" />
        <entry key="CodeStyleStatusBarWidget" value="false" />
        <entry key="CwmWireStatsWidgetFactory" value="false" />
        <entry key="Encoding" value="false" />
        <entry key="LineSeparator" value="false" />
        <entry key="Memory" value="true" />
        <entry key="PowerSaveMode" value="true" />
        <entry key="ReadOnlyAttribute" value="false" />
        <entry key="TypeScriptInfo" value="false" />
        <entry key="VfsRefresh" value="true" />
        <entry key="git" value="true" />
      </map>
    </option>
  </component>
</application>