<application>
  <component name="KafkaSettings">
    <option name="configs">
      <map>
        <entry key="Kafka@KafkaConnections@-2137334878410339995">
          <value>
            <KafkaClusterConfig />
          </value>
        </entry>
        <entry key="KafkaLocalOnLinux@KafkaConnections@-6311593448427917646">
          <value>
            <KafkaClusterConfig />
          </value>
        </entry>
      </map>
    </option>
    <option name="selectedConnectionId" value="KafkaLocalOnLinux@KafkaConnections@-6311593448427917646" />
  </component>
</application>