<application>
  <component name="ProjectManager">
    <defaultProject>
      <component name="PropertiesComponent"><![CDATA[{
  "keyToString": {
    "settings.editor.selected.configurable": "application.passwordSafe"
  }
}]]></component>
      <component name="VcsDirectoryMappings" defaultProject="true" />
      <component name="WindowStateProjectService">
        <state x="385" y="174" key="SettingsEditor" timestamp="1735330193162">
          <screen x="58" y="25" width="1734" height="1095" />
        </state>
        <state x="385" y="174" key="SettingsEditor/58.25.1734.1095" timestamp="1735330193162" />
      </component>
    </defaultProject>
  </component>
</application>