<application>
  <component name="RemoteServers">
    <remote-server name="dockerLinux" type="docker">
      <configuration>
        <option name="apiUrl" value="http://127.0.0.1" />
        <option name="autoDetectExePaths" value="true" />
        <option name="certificatesPath" />
        <option name="connected" value="true" />
        <entry contributedKey="DockerSshConnectionConfigurator.SshConfigId" value="0f55f264-5c86-44a7-aef6-418c9a4f02c3" />
        <option name="customConfiguratorId" value="DockerSshConnectionConfigurator" />
        <option name="dockerComposeExePath" value="docker" />
        <option name="dockerExePath" value="docker" />
      </configuration>
    </remote-server>
    <remote-server name="DockerLocalMac" type="docker">
      <configuration>
        <option name="apiUrl" value="unix:///var/run/docker.sock" />
        <option name="autoDetectExePaths" value="true" />
        <option name="certificatesPath" />
        <option name="customConfiguratorId" value="DockerDefaultConnectionConfigurator" />
        <option name="dockerComposeExePath" value="/usr/local/bin/docker" />
        <option name="dockerExePath" value="/usr/local/bin/docker" />
      </configuration>
    </remote-server>
  </component>
</application>