<application>
  <component name="DimensionService">
    <location key="find.popup.0.0.3584.2240@192dpi" x="1350" y="380" />
    <size key="GridCell.Tab.0.left.0.0.3584.2240@192dpi" width="2722" height="600" />
    <size key="GridCell.Tab.0.center.0.0.3584.2240@192dpi" width="2722" height="600" />
    <size key="GridCell.Tab.0.right.0.0.3584.2240@192dpi" width="2722" height="600" />
    <size key="GridCell.Tab.0.bottom.0.0.3584.2240@192dpi" width="2722" height="600" />
    <size key="find.popup.0.0.3584.2240@192dpi" width="1298" height="1668" />
  </component>
  <component name="WindowManager">
    <frame x="267" y="79" width="1495" height="924" />
  </component>
  <component name="WindowStateApplicationService">
    <state x="929" y="498" width="800" height="650" key="WELCOME_SCREEN" timestamp="1736019438181">
      <screen x="66" y="25" width="1726" height="1095" />
    </state>
    <state x="923" y="498" width="802" height="650" key="WELCOME_SCREEN/54.25.1738.1095" timestamp="1735269339553" />
    <state x="924" y="498" width="800" height="650" key="WELCOME_SCREEN/57.25.1735.1095" timestamp="1735269283990" />
    <state x="927" y="498" width="802" height="650" key="WELCOME_SCREEN/62.25.1730.1095" timestamp="1735338049806" />
    <state x="929" y="498" width="800" height="650" key="WELCOME_SCREEN/66.25.1726.1095" timestamp="1736019438181" />
    <state x="932" y="498" width="800" height="650" key="WELCOME_SCREEN/71.25.1721.1095" timestamp="1735338578304" />
    <state x="932" y="498" width="800" height="650" key="WELCOME_SCREEN/73.25.1719.1095" timestamp="1735340285331" />
  </component>
</application>